mmsi,label,score,months_2015
412427846,Dredger,0.9995,"1,2,3,4,5,9"
412462570,Gillnetter,0.9995,"1,2,3,4,5,6,7,8,9,10"
412215135,Trawler,0.9943,"4,8,9"
273892200,Longliner,0.9938,"1,2,3,4,5,6,7,8,9,10"
245962000,Trawler,0.9924,"1,2,3,4,5,6,7,8,9,10"
251467110,Trawler,0.9921,"1,2,3,4,5,7,8,9,10"
525015910,Longliner,0.9916,"1,2,3,4,5,6,7,8,9,10"
413977285,Trawler,0.9911,"1,4,9"
657876000,Longliner,0.9906,"1,2,3,4,5,6,7,8,9,10"
238117440,Purse seine,0.9899,"1,2,3,4,5,6,7,8,9"
563968000,Longliner,0.9879,"1,2,3,4,5,6"
265634990,Dredger,0.9877,"1,2,3,4"
441879000,Longliner,0.9871,"1,2,3,4,5,6"
725001930,Longliner,0.9869,"1,2,3,4,5,6,7,8,9,10"
525017072,Longliner,0.9858,"1,2,3,4,5,6,7"
200008125,Longliner,0.9847,"1,8,9,10"
657526000,Longliner,0.9845,"1,2,3,4,5,6,7,8,9,10"
440995000,Longliner,0.9845,"1,2,3,4,5,6,7,10"
412422162,Trawler,0.9844,"4,5,7,8,9,10"
775996490,Longliner,0.984,"1,2,3,4"
412440372,Longliner,0.9834,"1,6,7,8,9,10"
701000515,Longliner,0.9825,"1,2,3,4,5,6,7,8,9,10"
211477750,Trawler,0.9825,"5,8,9"
525019635,Longliner,0.9819,"1,2,3,4,5,6,7,8,9,10"
412349147,Dredger,0.9816,"3,4,5,8,9,10"
412420927,Longliner,0.981,"1,2,3,4,5,6,7,8,9,10"
345070350,Longliner,0.9807,"1,2,3,4,5,6,7,8,9"
316013415,Trawler,0.9805,"1,2,3,4,5,6,7,8,9,10"
367090490,Longliner,0.9797,"1,2,3,4,5,6,7,8,9,10"
111503019,Purse seine,0.9788,"1,2,3,4,5,6,7,8,9,10"
701000516,Longliner,0.9786,"1,2,3,4,5,6,7,8,9,10"
416303000,Longliner,0.9782,"3,4,5,6,7,8,9,10"
416168500,Longliner,0.978,"7,8,9,10"
725000990,Longliner,0.9777,"1,3,4,5,6,7,8,9,10"
440216000,Longliner,0.9767,"1,2,3,4,5,6"
413328727,Longliner,0.9766,"6,7,8,9,10"
577188000,Longliner,0.9763,"1,2,3,4,5,7,8,9,10"
263325000,Trawler,0.9758,"1,2,3,4,5,6,7,9,10"
412328793,Longliner,0.9755,"3,4,5,6,7,8,9,10"
725000769,Longliner,0.9753,"1,2,3,4,5,6,7,8,9,10"
461000147,Longliner,0.9738,"1,2,3,4,5,6,7,8,9,10"
273899000,Longliner,0.9737,"1,2,3,4,5,6,7,8,9,10"
235082878,Trawler,0.9733,"1,2,3,4,5,6,7,8,9,10"
725002850,Longliner,0.9732,"1,2,3,4,5,6,7,8,9,10"
247112500,Gillnetter,0.973,"3,4,5,6,7,8,9,10"
416004566,Longliner,0.9716,"1,2,3,4,5,6,7,8,9,10"
273410900,Longliner,0.9712,"3,4,5,6,7,8,9,10"
240107000,Trawler,0.9705,"1,3,6,7,9,10"
212764000,Longliner,0.9703,"1,2,7,8,9,10"
412328765,Longliner,0.9698,"1,2,3,4,5,6,7,8,9,10"
416306451,Longliner,0.9696,"1,2,3,4,5,6,7,8,9,10"
725001320,Longliner,0.9694,"1,2,3,4,5,6,7,8,9,10"
273815900,Longliner,0.9688,"1,2,3,4,5,6,7,8,9,10"
345070332,Longliner,0.9687,"1,2,3,4,5,6,7,8,9,10"
273352930,Longliner,0.9686,"1,2,3,4,5,6,7,8,9,10"
701006445,Longliner,0.9685,"1,2,3,4,5,6,7,8,9,10"
265570780,Trawler,0.9685,"1,2,3,4,5,6,7,8,9,10"
441201183,Longliner,0.9676,"5,7,8,9,10"
357124000,Longliner,0.9674,"5,6,7,8,9,10"
657350000,Longliner,0.9673,"2,3,4,5,6,7,8,9,10"
200008124,Longliner,0.9672,"1,8,9,10"
227262770,Trawler,0.967,"1,2,3,4"
701006149,Longliner,0.9661,"1,2,3,4,5,6,7,8,9,10"
657123000,Longliner,0.9653,"6,7,8,9,10"
441410000,Longliner,0.9651,"1,2,3,4,5,6,7"
441559000,Longliner,0.9649,"1,2,3,4,5,6"
345070301,Longliner,0.964,"1,2,3,4,5,6,7,8,9,10"
412687180,Longliner,0.9632,"6,7,8,9,10"
577145000,Longliner,0.9626,"6,7,8,9,10"
657115500,Longliner,0.9624,"1,2,3,4,5,6,7,8,9,10"
416349000,Longliner,0.9624,"8,9,10"
412006589,Trawler,0.9622,"5,7,8,10"
577191000,Longliner,0.9616,"1,2,3,4,6,7,8,9,10"
657523000,Longliner,0.9613,"1,2,3,4,5,6,7,8,9,10"
412420846,Longliner,0.9605,"1,2,3,4,5,6,7,8,9,10"
635000390,Longliner,0.9605,"1,2,3,4,5,6,7,8,9,10"
440120880,Trawler,0.9602,"5,6,7,8,9,10"
224282000,Longliner,0.9599,"1,2,3,4,5,6,7,8"
257692000,Longliner,0.9599,"1,2,3,4,5,6,7,8,9,10"
273311220,Dredger,0.9594,"4,5,9,10"
441298000,Longliner,0.9589,"1,2,3,4,5,6,7,8,9,10"
701000607,Longliner,0.9586,"5,6,7,8,9,10"
701006060,Longliner,0.9585,"6,7,8,9,10"
775996365,Longliner,0.958,"6,7,8,9,10"
412328761,Longliner,0.9577,"7,8,9,10"
701000932,Longliner,0.9577,"1,2,3,4,5,6,7,8,9,10"
525005047,Purse seine,0.9576,"1,2,3,4,5,6,7,8,9,10"
212936000,Longliner,0.9574,"2,3,4,5,6,7,8,9,10"
273343920,Longliner,0.9571,"1,2,3,4,5,6,7,8,9,10"
355750000,Trawler,0.9565,"1,2,3,4,5,6,7,8,9,10"
576025000,Longliner,0.956,"1,2,3,4,5,6,7,8,9,10"
312356000,Trawler,0.956,"3,9,10"
247114000,Gillnetter,0.9558,"6,7,8,9"
440683000,Longliner,0.9552,"1,2,3,4,5,6,7,8,9,10"
775996600,Longliner,0.9551,"6,7,8,9"
265636510,Trawler,0.9547,"4,5,6,7,8,9,10"
416067700,Longliner,0.9536,"1,2,3,4,6,7,8,9,10"
200000676,Trawler,0.9533,"4,5,9,10"
345010057,Longliner,0.9528,"1,2,3,4,5,6,7,8,9,10"
412460029,Longliner,0.9523,"6,7,9,10"
775996349,Longliner,0.9521,"1,2,3,4,5,6,7,8,9,10"
345070127,Longliner,0.952,"1,2,3,4,5,6,7,8,9,10"
725002840,Longliner,0.9519,"1,2,3,4,5,6,7,8,9,10"
412420874,Longliner,0.9518,"1,2,3,4,5,6,7,8"
345050015,Longliner,0.9515,"1,2,3,4,5,6,7,8,9,10"
257179240,Trawler,0.9514,"1,2,4,5,6,7,8,9,10"
345070271,Longliner,0.9514,"1,2,3,4,5,6,7,8,9,10"
657606000,Longliner,0.9503,"1,2,3,4,5,6,7,8,9,10"
701000882,Longliner,0.9496,"3,4,5,6,7,8,9,10"
240303270,Trawler,0.9496,"4,5,8"
701000662,Longliner,0.9493,"1,2,3,4,5,6,7,8,9,10"
273842510,Longliner,0.9489,"1,2,3,4,5,6,7,8,9,10"
412423848,Dredger,0.9487,"1,2,3,4,5,8,9,10"
538002884,Longliner,0.9484,"1,2,3,4,5,6,7,8,9"
366981750,Longliner,0.9481,"7,8,9,10"
775996559,Longliner,0.9478,"1,2,3"
701007022,Longliner,0.9475,"3,4,5,6,7,8,9,10"
701006204,Longliner,0.9473,"5,6,7,8,9,10"
657105300,Longliner,0.9473,"1,2,3,4,5,6,7,8,9"
412460001,Longliner,0.9473,"2,3,9,10"
273810110,Longliner,0.9467,"1,2,3,4,5,6,7,8,9,10"
725000620,Longliner,0.9466,"3,4,5,6,7,8,9,10"
372702000,Longliner,0.9461,"1,3,4,5,6,7,8,9"
257177340,Trawler,0.946,"1,3,4,6,7"
441412000,Longliner,0.946,"1,2,3,4,5,6,7"
226004000,Trawler,0.9459,"1,2,3,4,5,6,7,8,9,10"
701000753,Longliner,0.9457,"1,3,4,6,7,8,9,10"
701000899,Longliner,0.9456,"3,4,5,6,7,8,9,10"
576394000,Longliner,0.9453,"8,9,10"
701000713,Longliner,0.9453,"1,2,3,4,5,6,7,8,9,10"
701000717,Longliner,0.9451,"1,2,3,4,5,6,7,8,9,10"
412331014,Longliner,0.9449,"1,2,3,4,5,6,7,8,9,10"
253375000,Longliner,0.9446,"1,2,3,4,5,6,7,8,9,10"
273348020,Longliner,0.9445,"1,2,3,4,5,6,7,8,9,10"
367300160,Longliner,0.9438,"1,2,3,4,5,6,7,8,9,10"
345070209,Gillnetter,0.9432,"1,2,3,4,5,6,7,8,9,10"
730999012,Trawler,0.9429,"1,2,3,4,5,6,7,8,9,10"
273345620,Longliner,0.9421,"2,3,4,5,6,7,8,9"
367637910,Trawler,0.9421,"1,2,3,4,9,10"
441007000,Longliner,0.9419,"1,2,3,4,5,6"
538005827,Trawler,0.9417,"1,2,3,4,5,6,7,8,9,10"
416180500,Longliner,0.9412,"1,2,3,4,5,6,7,8"
775996595,Longliner,0.9412,"4,5,6,7,8,9,10"
273135900,Trawler,0.9409,"5,6,7,8,9,10"
412331026,Longliner,0.9408,"1,2,3,4,5,6,7,8,9,10"
273421800,Longliner,0.9408,"1,2,3,4,5"
441303000,Longliner,0.9407,"1,2,3,4,5,6,7,8,10"
412440237,Longliner,0.9405,"1,2,3,4,5,6,7,8"
226004620,Trawler,0.9402,"8,9,10"
224093550,Trawler,0.9402,"1,2,3,4,5,6,7,8,9,10"
227547590,Trawler,0.9401,"1,2,5,6,8,9"
657810000,Longliner,0.94,"1,2,3,4,5,6,7,8,9,10"
273561700,Longliner,0.9396,"1,2,3,4,5,6,7,8,9,10"
416368000,Longliner,0.9394,"4,5,6,7,8,9,10"
366902270,Trawler,0.9391,"2,3,4,7,10"
306851000,Longliner,0.9386,"1,2,3,4,5,6,7,8,9,10"
441766000,Longliner,0.9379,"1,2,3,4,5,6"
235095893,Longliner,0.9378,"1,2,3,4,5,6,7"
416168600,Longliner,0.9377,"8,9,10"
412331052,Longliner,0.9373,"1,2,3,4,5,6,7,8"
775328000,Longliner,0.9371,"1,2,3,4,5,6,7,8,9,10"
775996519,Longliner,0.937,"1,2,5,6,7,8,9,10"
416234600,Longliner,0.937,"1,2,3,4,5,6,7"
319117000,Trawler,0.9369,"1,2,3,4,5"
775996514,Longliner,0.9361,"1,2,3,4,5,6,7,8,9,10"
366889830,Longliner,0.936,"4,5,6,7,8,9"
265651360,Trawler,0.9355,"5,6,7,8,9"
416338000,Longliner,0.9344,"6,7,8,9,10"
258120120,Trawler,0.9344,"5,6,7,8,9,10"
779956195,Longliner,0.9343,"1,2,4,5,6,7,8"
345070073,Longliner,0.9341,"1,2,3,4,5,6,7,8,9,10"
367631560,Trawler,0.9338,"1,2,3,4,5,6,7,8,9,10"
269101150,Dredger,0.9337,"4,5,7,8"
775996410,Longliner,0.9332,"1,2,3,4,5,6,7"
441784000,Longliner,0.9331,"1,2,3,4,5,6,7,8,10"
412324134,Trawler,0.9325,"5,9,10"
273899300,Longliner,0.9322,"1,2,3,4,5,6,7,8,9"
413827486,Longliner,0.9321,"1,2,3,4,5,6,7,8,9"
343981431,Longliner,0.932,"1,2,3,4,5,6,7,8,9,10"
440684000,Longliner,0.9314,"1,2,3,4,5,6"
366172000,Longliner,0.931,"3,4,5,6,7,8,9,10"
273814900,Longliner,0.9309,"1,2,3,4,5,6,7,8,9,10"
412328755,Longliner,0.9308,"8,9,10"
412460662,Trawler,0.9308,"1,2,3,4,5,8,9,10"
725000638,Longliner,0.93,"1,2,3,4,5,6,7,8,9,10"
403400110,Longliner,0.9296,"1,2,3,4,5,6,7,8,9,10"
413804033,Dredger,0.9291,"1,2,3,4,5,6,7,9,10"
235103405,Trawler,0.9288,"1,3,4,5,6,7,8,9,10"
441219878,Longliner,0.9283,"6,7,8,9,10"
412885607,Trawler,0.9282,"1,2,3,4,8,9,10"
412321229,Trawler,0.9282,"5,9,10"
345070238,Longliner,0.9281,"1,2,3,4,5,6,7,8,9,10"
701000916,Longliner,0.9277,"5,6,7,8,9,10"
251734110,Trawler,0.9273,"1,2,3,4,5,6,7,8,9,10"
273822210,Longliner,0.926,"1,2,3,4,5,6,7,8"
440100000,Longliner,0.9259,"1,2,3,4,5,6,7,8,9,10"
412428488,Trawler,0.9256,"1,2,3,4,5,7,8,9,10"
367447520,Gillnetter,0.9256,"1,5,6,7,8,9,10"
345050018,Longliner,0.9255,"1,2,3,4,5,6,7,8,9,10"
273876000,Longliner,0.9248,"1,2,3,4,5,6,7,8,9,10"
525019639,Longliner,0.9247,"1,2,3,6,7,8,9,10"
378112028,Trawler,0.9246,"1,2,3,4,5,6,7,8,9,10"
244830115,Dredger,0.9245,"1,4,7,8"
273336810,Longliner,0.9245,"1,2,3,4,6,7,8,9,10"
273842800,Longliner,0.9241,"1,2,3,4,5,6,7,8,9,10"
416084500,Longliner,0.9241,"7,8,9,10"
657981000,Longliner,0.9235,"4,5,6,7,8,9,10"
701006034,Longliner,0.9231,"1,2,5,6,7,8,9,10"
701000919,Longliner,0.9231,"4,5,6,7,8,9,10"
273310630,Longliner,0.923,"1,5,6,7,8,9,10"
775996573,Longliner,0.923,"3,4,5,6,7,8,9,10"
316001152,Trawler,0.9229,"4,5,6,7,8,9,10"
273825200,Longliner,0.9227,"3,4,5,6,7,8,9,10"
701006073,Longliner,0.9227,"1,2,3,4,5,6,7,8,9,10"
345070074,Longliner,0.9226,"1,2,3,4,5,6,7,8,9,10"
775996373,Longliner,0.9226,"1,2,3,4,5,6,7,8,9,10"
657216000,Longliner,0.9222,"1,2,3,4,5,6,7,8,9,10"
273829310,Longliner,0.922,"1,2,3,4,5,6,7,8,9,10"
635016400,Longliner,0.9219,"1,2,3,4,5,6,7,8,9,10"
701000960,Longliner,0.9214,"3,4,5,6,7,8,9,10"
440502000,Longliner,0.9209,"1,2,3,4,5,6,7,8,9,10"
201309068,Trawler,0.9209,"1,3,4,8,9,10"
227908000,Trawler,0.9208,"1,5,6,7,8,9,10"
412328759,Longliner,0.9206,"8,9,10"
273890100,Longliner,0.9203,"1,2,3,4,5,6,7,8,9,10"
257105840,Trawler,0.9203,"1,3,4,5"
412687110,Longliner,0.9197,"6,7,8,9,10"
775996610,Longliner,0.9195,"7,8,9,10"
416003756,Longliner,0.9194,"1,2,3,4,5,6,7,8,9,10"
6477300,Longliner,0.9188,"1,2,3,4,5,6,7,8,9,10"
273351500,Longliner,0.9183,"1,2,3,4,5,6,7,8,9"
525018339,Longliner,0.9182,"1,2,3,4,5,6,7,8,9,10"
273297100,Longliner,0.9182,"2,3,4,5,7,8,9,10"
273358840,Longliner,0.9181,"1,2,3,4,5,6,7,8,9,10"
775996211,Longliner,0.9177,"1,2,3,4,5,6,7,8,9"
775996061,Longliner,0.9174,"3,4,5,7,8,9,10"
412324229,Trawler,0.917,"5,9,10"
257303040,Trawler,0.9166,"1,2,3,4,5,7,8,9,10"
412349196,Trawler,0.9164,"4,7,8,9"
403403310,Longliner,0.9163,"1,2,3,4,5,6,7,8,9,10"
775996539,Longliner,0.916,"1,2,3,4,5,6,7,8,9"
273344030,Longliner,0.9154,"1,2,3,4,5,6,7,8,9,10"
265565600,Trawler,0.9152,"1,2,3,4,5,6,7,8,9,10"
440662000,Longliner,0.915,"1,2,3,4,5,6,7"
345070352,Longliner,0.915,"1,2,3,4,5,6,7,8,9,10"
224084460,Trawler,0.9147,"1,2,3,4,5,6,7,8,9,10"
657521000,Longliner,0.9143,"1,2,3,4,5,6,7,8,9,10"
412333514,Trawler,0.914,"5,9,10"
244179000,Trawler,0.9138,"1,2,3,4,5,6,7,8,9,10"
273445310,Longliner,0.9136,"1,2,3,4,5,6,7,8,9,10"
345050025,Longliner,0.9136,"1,2,3,4,5,6,7,8,9,10"
993310001,Longliner,0.9133,"1,2,3,4,5,6,7,8,9,10"
441699000,Longliner,0.9133,"1,2,3,4,5,6,7,8,9"
412214196,Trawler,0.9133,"4,5,8,9,10"
701000562,Longliner,0.9126,"1,2,3,4,5,6,7,8,9,10"
416102500,Longliner,0.9118,"7,8,9,10"
412375060,Longliner,0.9117,"1,2,3,4,5,6,7,8,9,10"
265585440,Longliner,0.9116,"4,5,6,7,8,9,10"
412420928,Longliner,0.9109,"1,2,3,4,5,6,7,8,9,10"
310340000,Trawler,0.9107,"1,2,3,4,5,6,7,8,9,10"
273349420,Longliner,0.9104,"1,2,3,4,5,6,7,8,9,10"
775996503,Longliner,0.909,"1,2,3,4,5,6,7,8,9,10"
412428786,Trawler,0.9088,"1,2,3,4,5,6,9,10"
525018214,Longliner,0.9087,"1,2,3,4,5,6,7,8,9,10"
273845500,Longliner,0.9082,"2,3,4,5,6,7,8"
412420852,Longliner,0.908,"1,2,3,4,5,6,7,8,10"
412324158,Trawler,0.9079,"5,9,10"
657123500,Longliner,0.9077,"8,9,10"
319034800,Trawler,0.9073,"1,2,3,4,5,6,7,8,9"
440201000,Longliner,0.907,"1,2,3,4,5,6"
701000626,Longliner,0.9069,"1,2,3,4,5,6,7,8,9,10"
576477000,Longliner,0.9066,"1,2,3,4,5,6,7,8,9,10"
366888840,Longliner,0.9065,"1,2,3,4,5,6,7,8,9,10"
412432369,Trawler,0.9065,"1,4,5,9,10"
273516500,Longliner,0.9064,"1,2,3,4,5,6,7,8,9,10"
657118600,Longliner,0.9062,"1,2,3,4,5,6,7,8,9,10"
345070196,Longliner,0.9062,"1,2,3,4,5,6,7,8,9,10"
247050630,Trawler,0.9054,"1,2,3,4,5,6,7,9,10"
576609000,Longliner,0.9052,"1,2,3,4,5,6,7,8,9,10"
412821000,Gillnetter,0.9045,"1,2,3,4,5,6,7,8"
375847000,Longliner,0.9044,"1,2,3,4,5,6,7,8,9,10"
247071170,Trawler,0.9043,"1,2,3,4,5,6,7,9,10"
725000255,Trawler,0.9038,"1,2,3,4,5,6,7,8,9,10"
273824810,Longliner,0.9036,"1,2,3,4,5,6,7,8,9,10"
441330000,Longliner,0.9036,"1,2,3,4,5,6,7,8"
214180601,Trawler,0.9032,"1,2,3,4,6"
701000884,Longliner,0.903,"2,3,4,5,6,7,8,9"
635000320,Longliner,0.9024,"3,4,7,8,9,10"
701000528,Longliner,0.9023,"3,4,5,6,7,8,9,10"
412441362,Trawler,0.9015,"1,2,3,4,5,8,9"
227317030,Dredger,0.9011,"1,2,4,5,6,7,8,9"
273825110,Longliner,0.9004,"1,2,3,4,5,6,7,8,9,10"
345070154,Longliner,0.8998,"1,2,3,4,5,6,7,8,9,10"
369970633,Dredger,0.8994,"3,4,5,6,7,10"
413763780,Trawler,0.8988,"3,4,5,8,9"
273292400,Longliner,0.898,"1,2,3,4,5,6,7,8,9,10"
416000411,Longliner,0.8972,"3,4,5,6,7"
366965960,Gillnetter,0.8972,"1,5,6,7,8,9"
412410422,Trawler,0.897,"5,8,9,10"
345030055,Longliner,0.8969,"2,3,4,5,6,7,8"
412460735,Trawler,0.8967,"1,2,3,4,5,8,9,10"
273454800,Longliner,0.8966,"1,2,3,4,5,6,7,8,9,10"
273849000,Longliner,0.8964,"1,2,3,4,5,6,7,8,9,10"
441201727,Longliner,0.896,"5,6,7,8,9,10"
227635470,Dredger,0.8956,"1,2,3,4,5,6,7,8,9,10"
775996555,Longliner,0.8954,"1,2,3,4,5,6,7,8,9,10"
412425978,Trawler,0.8953,"2,3,4,5,6,7,8,9,10"
273219300,Longliner,0.8952,"1,2,3,4,5,6,7,8,9,10"
232354000,Trawler,0.8949,"1,2,3,4,5,6,7,8,9,10"
367168450,Longliner,0.8947,"1,2,3,4,5,6,9,10"
413802916,Trawler,0.8945,"1,2,3,4,5,7,8,9"
345070344,Longliner,0.8943,"1,2,3,4,5,6,7,8,9,10"
412331051,Longliner,0.8942,"1,2,3,4,5,6,7,8,9,10"
441868000,Longliner,0.8941,"1,2,3,4,5,6,7,8,9,10"
273445450,Trawler,0.894,"6,7,8,9"
247169200,Gillnetter,0.8935,"1,6,7,8,9,10"
316014090,Longliner,0.8931,"7,8,9,10"
247211300,Gillnetter,0.8927,"1,2,3,4,5,6,7,8,9"
247030470,Trawler,0.8922,"1,2,3,4,5,6,7,9,10"
247083280,Trawler,0.8922,"1,2,3,4,5,6,7,8,9,10"
247092380,Trawler,0.8916,"1,2,3,4,5,6,7,8,9"
273315360,Longliner,0.8915,"1,2,3,4,5,6,7,8,9,10"
701000880,Longliner,0.8911,"1,2,3,4,5,6,7,8,9,10"
316021004,Longliner,0.8911,"1,2,3,4,5,6,7,8,9,10"
247070800,Gillnetter,0.891,"4,5,6,7,8,9,10"
613778000,Longliner,0.8909,"1,2,5,6,7,8,9,10"
657268000,Longliner,0.8909,"1,2,3,4,5,6,7,8,9,10"
412695770,Longliner,0.8908,"7,8,9,10"
248023000,Trawler,0.89,"2,5,7,8,9,10"
701000627,Longliner,0.8899,"1,2,3,4,5,6,7,8,9,10"
273355070,Longliner,0.8899,"1,2,3,4,5,6,7,8,9,10"
412205616,Trawler,0.8897,"1,2,3,5,9,10"
257261000,Longliner,0.8894,"1,2,3,4,5,6,7,8,9"
273873400,Longliner,0.889,"1,2,3,4,5,7,8,9,10"
312206000,Longliner,0.8878,"4,5,6"
235110355,Trawler,0.8872,"4,5,6,8,9"
331277000,Longliner,0.8869,"1,2,3,4,5,6,7,8,9,10"
412433935,Trawler,0.8868,"1,2,3,4,9"
247120130,Trawler,0.8861,"5,6,7,8,9"
416001309,Trawler,0.8861,"4,5,7,8"
345070225,Longliner,0.8858,"1,2,3,4,5,6,7,8,9,10"
667001298,Trawler,0.8855,"2,3,4,7,9,10"
373644000,Trawler,0.8851,"1,2,3,4,5,6,7,8,9,10"
247083940,Trawler,0.8848,"1,2,3,4,5,6,7,8,9,10"
775000161,Longliner,0.8841,"1,2,3,4,5,6,7,8,9,10"
367569060,Dredger,0.8841,"5,7,8,9,10"
338175441,Trawler,0.884,"1,2,5,6,7,8,9"
226007370,Trawler,0.8838,"1,2,10"
227127700,Trawler,0.8836,"1,2,3,4,5,6,7,8,9,10"
273312510,Longliner,0.8831,"2,3,4,5,6,7,8,9,10"
367418650,Trawler,0.8828,"1,2,3,4,5,6,7,8,9,10"
461000080,Longliner,0.8825,"1,2,3,4,5,6,7,8,9,10"
441201729,Longliner,0.8822,"5,6,10"
412522506,Trawler,0.8819,"8,9,10"
412433436,Trawler,0.8818,"1,2,3,4,5,9,10"
273421300,Longliner,0.8812,"1,2,3,4,5,6,7,8,9,10"
273840810,Longliner,0.8808,"1,2,3,4,5,6,7,8,9,10"
657744000,Longliner,0.8807,"1,2,3,4,5,6,7,8,9,10"
800019055,Trawler,0.8806,"3,7,8,9"
413990724,Trawler,0.8803,"1,2,4,6,7,8,9"
273421640,Longliner,0.8801,"5,6,7,8,9,10"
345070211,Longliner,0.8801,"1,2,3,4,5,6,7,8,9,10"
636016810,Trawler,0.8797,"3,5,6,7,8,9,10"
345070203,Longliner,0.8793,"1,2,3,4,5,6,7,8,9,10"
273431690,Longliner,0.8791,"1,2,3,4,5,6,7,8,9,10"
775000207,Longliner,0.8789,"1,2,3,4,5,6,7,8,9,10"
576690000,Longliner,0.8788,"4,5,6,7,8,9,10"
316016342,Trawler,0.8788,"4,5,6,7,8,9"
413363660,Longliner,0.8786,"1,2,3,4,5,6,7,8,9,10"
367045440,Longliner,0.8773,"4,5,6,7,8,9,10"
273421810,Trawler,0.8767,"4,5,6,7,8,9,10"
477995048,Longliner,0.8767,"1,2,3,4,5,6,7,8,9,10"
412324611,Dredger,0.8764,"4,5,8,9"
800022418,Dredger,0.8764,"1,2,3,4,5,7,8,9"
345070226,Longliner,0.8762,"1,2,3,4,5,6,7,8,9,10"
273842020,Longliner,0.8758,"1,4,5,6,7,8,9,10"
525008038,Longliner,0.8757,"1,2,3,4,5,6,7,8,9,10"
412421354,Trawler,0.8755,"1,2,4,5,8,9,10"
312275000,Trawler,0.8749,"1,2,3,4,5,7,8,9,10"
412436521,Trawler,0.8744,"1,2,3,4,5,7,9,10"
440008070,Longliner,0.8744,"7,8,9,10"
263401440,Trawler,0.8744,"1,2,3,4,5,6,7,8,9,10"
412412391,Longliner,0.8739,"5,9,10"
345070331,Longliner,0.8739,"1,2,3,4,5,6,7,8,9,10"
412428369,Trawler,0.8735,"1,2,3,4,6,9,10"
525005054,Purse seine,0.8734,"1,2,3,4,5,6,7,8,9,10"
413304960,Trawler,0.8732,"3,4,5,6,7,8,9,10"
416842000,Longliner,0.8729,"1,2,3,4,5,6,7,9,10"
345070190,Longliner,0.8728,"1,2,3,4,5,6,7,8,9,10"
412470422,Trawler,0.8727,"1,2,3,4,5,8,9,10"
309275000,Longliner,0.8725,"1,2,3,4,5,6,7,8,9,10"
367662450,Longliner,0.8724,"4,5,6,7,8,9,10"
657124100,Longliner,0.8721,"6,7,8,9,10"
367655380,Trawler,0.8721,"7,8,9,10"
416204250,Trawler,0.8716,"1,2,3,4,8,9"
477092000,Gillnetter,0.8716,"1,2,3,4,5,6,7,8,9,10"
415000787,Trawler,0.8714,"1,3,4,5,6,7,8,9"
235003471,Trawler,0.8709,"7,8,9,10"
775996299,Longliner,0.8709,"1,2,3,4,5,8,9,10"
273899100,Longliner,0.8707,"1,2,3,4,5,6,7,8,9,10"
235079986,Trawler,0.8707,"6,7,8,9,10"
413081079,Trawler,0.8701,"8,9,10"
263359000,Trawler,0.8701,"2,3,4,5,6,7,8,9,10"
775996409,Longliner,0.8699,"1,2,3,4,5,6,7,8"
235061167,Trawler,0.8699,"1,2,3,4,5,6,7,8,9,10"
316002104,Longliner,0.8698,"4,5,6,7,8,9,10"
775996204,Longliner,0.8697,"1,2,3,4,5,6,7,9,10"
710447000,Trawler,0.8695,"4,5,6,8,9"
412428532,Trawler,0.8692,"1,2,3,4,5,9,10"
227153460,Longliner,0.8691,"1,2,3,4,5,6,7,8,9,10"
775996487,Longliner,0.869,"1,2,3,4,5,6,7,8,9,10"
657107800,Longliner,0.8689,"2,3,4,5,6,7,8,9,10"
273353880,Longliner,0.8683,"7,8,9,10"
412695760,Longliner,0.8683,"8,9,10"
412324144,Trawler,0.8679,"5,9,10"
412371208,Longliner,0.8674,"5,6,8,9,10"
413766109,Trawler,0.8674,"1,2,3,4,5,6,7,8,9,10"
412420435,Longliner,0.8674,"1,2,3,4,5,6,7,8,9,10"
272135100,Trawler,0.8673,"1,3,4,5,6,7,8,9,10"
657122900,Longliner,0.8673,"6,7,8,9,10"
273148710,Longliner,0.8669,"1,2,3,4,5,6,7,8,9,10"
247071010,Trawler,0.8669,"1,2,3,4,5,6,7,9,10"
247071020,Trawler,0.8669,"1,2,3,4,5,6,7,10"
775996310,Longliner,0.8666,"1,2,3,4,5,6,7,8,9,10"
247030200,Gillnetter,0.8664,"4,5,6,7,8,9,10"
257377500,Longliner,0.8662,"1,2,3,4,5,6,7,8,9,10"
412333666,Trawler,0.8661,"3,4,5,8,9"
417222390,Trawler,0.8658,"1,2,3,4,5,6,7,8,9,10"
775996358,Longliner,0.8655,"1,2,3,4,5,6,7,10"
247141960,Trawler,0.8654,"1,3,4,5,6,7,8,9"
413882303,Longliner,0.8653,"1,2,3,4,5,6,7,8,9"
413200450,Longliner,0.8651,"5,6,7,8,9,10"
412450017,Trawler,0.8651,"1,2,8,9,10"
657950000,Longliner,0.8643,"1,2,3,4,5,6,7,8,9,10"
413507940,Trawler,0.8642,"2,3,4,6,7,8,9,10"
227808000,Trawler,0.8641,"1,2,3,4,6,7,8,9,10"
367489570,Longliner,0.8639,"1,2,3,4,5"
345070330,Longliner,0.8639,"1,2,3,4,5,6,7,8,9,10"
416222700,Longliner,0.8638,"1,8,9,10"
412320010,Trawler,0.8638,"1,2,5,6,8,9,10"
538070811,Trawler,0.8636,"1,2,4,5,6,7,8,9,10"
375372000,Longliner,0.8636,"1,2,3,6,7,8,9,10"
245946000,Trawler,0.8635,"1,2,3,4,5,6,7,9,10"
413033315,Trawler,0.8633,"3,4,8,9,10"
413045180,Longliner,0.8632,"1,2,3,4,5,6,7,8,9,10"
247144290,Trawler,0.8631,"1,2,3,4,5,6,7,8,9"
345070086,Longliner,0.8628,"1,2,3,4,5,6,7,8,9,10"
740380000,Longliner,0.8627,"3,4,5,6,7,8,9,10"
461000168,Longliner,0.8626,"1,3,4,5,6,7,8,9,10"
247050760,Trawler,0.8626,"1,2,3,4,5,6,7,9,10"
224050140,Trawler,0.8626,"1,2,3,4,5,6,7,8,9,10"
273456410,Longliner,0.8623,"1,2,3,4,5"
440548000,Longliner,0.8623,"1,2,3,4,5,6,7"
345070299,Longliner,0.8619,"1,2,3,4,5,6,7,8,9,10"
227273930,Longliner,0.8617,"1,2,3,4,5,6,7,8,9,10"
273845610,Longliner,0.8617,"1,2,3,4,5,6,7,8,10"
635000770,Longliner,0.8616,"4,5,6,7,8,9,10"
701000742,Longliner,0.8615,"5,6,7,8,9,10"
273290400,Longliner,0.8613,"1,2,3,4,5,6,7,8,9,10"
273827030,Longliner,0.8612,"1,2,3,4,5,6,7,8,9,10"
273357560,Longliner,0.8611,"1,2,3,4,5,6,7,8,9,10"
412462130,Gillnetter,0.8607,"1,2,3,4,5,6,7,8,9,10"
664301100,Trawler,0.8607,"3,4,5,6"
745005400,Longliner,0.8605,"1,2,3,4,5"
345070146,Trawler,0.8603,"1,2,3,4,5,6,7"
416238600,Longliner,0.8603,"1,2,3,4,5,6,7,8,10"
412442316,Trawler,0.8603,"3,4,5,9,10"
247092320,Trawler,0.86,"1,2,3,4,5,6,7,8,9"
775000167,Longliner,0.8599,"1,2,3,4,5,6,7,8,9,10"
419000700,Dredger,0.8599,"1,2,3,4,5,6,9"
412383838,Trawler,0.8597,"1,2,4,5,6,7,8,9,10"
227262540,Trawler,0.8597,"1,2,3,4,5"
345090003,Longliner,0.8593,"1,2,3,4,5,6,7,8,9,10"
412432073,Trawler,0.8591,"1,2,3,4,5,9,10"
775996515,Longliner,0.8588,"1,2,3,4,5,6,7,8,9,10"
413818825,Trawler,0.8584,"1,2,3,5,6,7,8,10"
416000183,Trawler,0.8581,"1,9"
247050740,Trawler,0.8579,"1,2,3,4,5,6,7,9,10"
416528000,Longliner,0.8579,"1,2,3,4,5,6,7,8,9,10"
345050055,Longliner,0.8579,"1,2,3,4,5,6,7,8,9,10"
275141000,Trawler,0.8573,"2,3,4,5,6,7,10"
413815323,Trawler,0.8573,"1,2,3,6,7,8,9"
657110700,Longliner,0.8569,"1,2,3,4,5,6,7,8,9,10"
273211800,Longliner,0.8569,"1,2,3,4,7,9,10"
345070030,Longliner,0.8567,"1,2,3,4,5,6,7,8,9,10"
247081270,Trawler,0.8565,"1,2,3,4,5,6,7,8,10"
224572000,Longliner,0.8565,"2,3,4,5,6,7,8,9,10"
413994856,Trawler,0.8561,"1,2,3,5,6,7,8"
273559400,Longliner,0.8559,"1,2,3,4,5,6,7,8,9,10"
303267000,Purse seine,0.8559,"1,2,3,4,5,6,7,8,9,10"
231751000,Longliner,0.8557,"1,2,3,4,5,6,7,8,9,10"
273441610,Longliner,0.8556,"1,2,4,5,6,8"
273358010,Longliner,0.8555,"1,2,3,4,5,6,9,10"
413377184,Trawler,0.8552,"1,2,3,4,6,7,8,9,10"
441360000,Longliner,0.8547,"1,2,3,4,5,6"
319031700,Trawler,0.8546,"1,2,3,4,5,6,7,8,9,10"
247149280,Trawler,0.8541,"1,2,3,4,5,6,7,8,9"
572911000,Longliner,0.8541,"1,2,3,4,5,6,7,8,9,10"
309669000,Longliner,0.8536,"1,2,3,4,5,6,7,8,9,10"
273550500,Longliner,0.8536,"1,2,3,4,5,6,7,8,9,10"
413219000,Longliner,0.8532,"2,3,4,5,6,7,8,9,10"
999999992,Longliner,0.8532,"1,2,3,4,5,6,7,8,9,10"
412423606,Trawler,0.8531,"1,2,4,5,6,7,8,9,10"
412438672,Trawler,0.8531,"1,2,4"
775996621,Longliner,0.8528,"8,9,10"
412205623,Trawler,0.8528,"1,2,3,4,5,8,9,10"
725001970,Longliner,0.8527,"1,2,3,4,5,6,7,8,9,10"
613123456,Longliner,0.8526,"1,2,3,4,5,6,7,8"
657111061,Longliner,0.8522,"1,2,3,4,5,6,7,8,9,10"
677024100,Trawler,0.8521,"1,2,3,4,5,6,7,8,9,10"
273429220,Longliner,0.8519,"1,2,3,4,5,6,7,8"
273437810,Longliner,0.8517,"1,2,3,4,5,6,7,8,9,10"
224590680,Trawler,0.8512,"3,4,5,6,7,8"
247083230,Trawler,0.8512,"1,2,3,4,5,6,7,8,9,10"
238017240,Gillnetter,0.8508,"1,2,3,4,5,6,7,8,9,10"
273847910,Longliner,0.8507,"1,2,3,4,5,6,7,8,9"
701006059,Longliner,0.8505,"1,2,3,4,5,6,7,8,9,10"
347008770,Trawler,0.8505,"1,2,3,4"
657122700,Longliner,0.8504,"3,4,5,6,7,8,9,10"
367413270,Trawler,0.8501,"1,2,3,8,9,10"
412468899,Trawler,0.8499,"8,9,10"
247052710,Trawler,0.8496,"1,2,3,4,5,6,7,9,10"
701000674,Longliner,0.8494,"1,2,3,4,5,6,7"
356039000,Longliner,0.8493,"5,6,7,8,9,10"
229225000,Longliner,0.8492,"1,2,3,4,5,6,7,8,9,10"
226000310,Trawler,0.8492,"1,2,3,4,5,6,7,9"
440135390,Trawler,0.849,"1,2,3,4,5,6,7,8,9"
701000800,Longliner,0.8484,"1,2,3,4,6,7,8,9,10"
564014000,Purse seine,0.8483,"8,9,10"
247050220,Trawler,0.8483,"1,2,3,4,5,6,7,9,10"
247090950,Trawler,0.8477,"1,2,3,4,5,6,7,8,9"
538070403,Trawler,0.8474,"1,2,3,4,5,6,7,8,9,10"
273212500,Longliner,0.8472,"3,4,5,6,7,8,9,10"
415046205,Trawler,0.8472,"6,8,9,10"
247092390,Trawler,0.847,"1,2,3,4,5,6,7,8,9"
316111000,Longliner,0.8467,"1,2,3,4,5,6,7,8,9,10"
366435740,Trawler,0.8466,"8,9,10"
701000696,Longliner,0.8459,"4,5,6,7,8,9,10"
412432263,Trawler,0.8457,"1,3,9"
431600092,Longliner,0.8455,"5,6,7,8,9,10"
345050051,Longliner,0.8455,"1,2,3,4,5,6,7,8,9,10"
657111053,Longliner,0.8452,"1,2,3,4,5,6,7,8,9,10"
412349341,Trawler,0.8452,"4,5,9,10"
273218900,Longliner,0.845,"1,2,3,4,5,6,7,8,9,10"
244770417,Trawler,0.8448,"4,5,6,7,8"
273398300,Trawler,0.8447,"3,4,5,6,7,8,9,10"
657664000,Longliner,0.8445,"1,2,3,4,5,6,7,8,9,10"
412433259,Trawler,0.8445,"1,2,3,7,10"
412423191,Trawler,0.8444,"1,2,3,4,5,7,8,9"
273358560,Longliner,0.8442,"1,2,3,4,5,6,7,8,9,10"
237616000,Trawler,0.8441,"2,3,9"
775996549,Longliner,0.844,"1,2,3,4,5,6,7,8,9,10"
98310295,Trawler,0.8437,"7,8,9,10"
338205000,Purse seine,0.8436,"1,2,3,4,5,6,7,8,9,10"
273442270,Longliner,0.8436,"2,3,4,5,6,7,8,9,10"
273427000,Longliner,0.8434,"1,2,3,4,5,6,9,10"
412412445,Longliner,0.8433,"4,5,9,10"
657599000,Longliner,0.8431,"4,5,6,7,8,9,10"
525005009,Purse seine,0.843,"1,2,3,4,5,6,7,8,9,10"
412423275,Trawler,0.8429,"1,7,8,9,10"
316024306,Longliner,0.8428,"1,2,3,4,5,6,7,8,9"
250001172,Dredger,0.8427,"1,2,3,4,5,6,7,8,9,10"
412324532,Trawler,0.8426,"5,9,10"
251800840,Trawler,0.8422,"1,2,3,4,5,6,7,8"
200014199,Trawler,0.842,"8,9,10"
273516600,Longliner,0.842,"1,2,3,4,5,6,7,8,9,10"
445044000,Trawler,0.8418,"2,3,4,5,6,7"
576513000,Longliner,0.8417,"1,2,3,4,5,6,7,8,9,10"
235088014,Trawler,0.8417,"1,2,3,4,7,10"
565906000,Trawler,0.8415,"1,2,3,9,10"
413979809,Trawler,0.8413,"1,2,3,4,5,6,7,8,9,10"
412417322,Trawler,0.8413,"1,2,3,4,5,8,9"
413964829,Trawler,0.8411,"1,2,3,4,5,6,7,8,9,10"
224167120,Trawler,0.8411,"1,2,4,5,6,7,9,10"
247092750,Trawler,0.841,"1,2,3,4,5,6,7,8"
258501710,Trawler,0.8408,"7,8,9"
413779513,Trawler,0.8408,"5,6,7,8,9"
412449716,Trawler,0.8406,"1,2,3,4,5,8,9"
227118500,Trawler,0.8405,"1,2,3,4,5,6,7,8,9,10"
238972240,Trawler,0.8403,"1,2,3,4,5,6,7,8,9,10"
412441958,Trawler,0.8402,"4,5,7,8,9,10"
247121360,Trawler,0.8399,"1,2,4,5,6,7,8,9,10"
345070250,Longliner,0.8398,"1,2,3,4,5,6,7,8,9,10"
413801945,Dredger,0.8398,"1,2,3,4,5,6,7,8,9,10"
273848100,Longliner,0.8398,"1,2,3,4,5,6,7,8,9,10"
416018900,Longliner,0.8398,"1,2,3,4,5,6,7,9,10"
356055000,Longliner,0.8398,"1,2,3,7,8,9,10"
247041670,Trawler,0.8392,"1,2,3,4,5,6,7,8,9"
657153000,Longliner,0.8392,"1,2,3,4,5,6,7,8,9,10"
412444799,Trawler,0.8389,"1,2,4,5,8,9"
273351740,Longliner,0.8383,"1,2,3,4,5,6,7,8,9,10"
257146640,Trawler,0.8382,"1,2,3,6,7,8,9"
613223456,Longliner,0.8382,"1,2,3,4,5,6,7,8,9,10"
371258000,Trawler,0.8378,"1,2,3,4,5,6,7,8,9,10"
224239920,Trawler,0.8375,"2,3,4,5,6,7,8,9,10"
273567010,Longliner,0.8374,"1,2,3,4,5,6,7,8,9,10"
412420955,Longliner,0.837,"4,5,6,7,8,9,10"
372902000,Longliner,0.8369,"1,2,3,4,5,6,7,8,9"
366989360,Gillnetter,0.8369,"1,2,3,4,5,6,7,8,9,10"
247084790,Trawler,0.8364,"1,2,3,4,5,6,7,8,10"
263270000,Trawler,0.8363,"1,2,3,4,5,6,7,8,9,10"
416164900,Longliner,0.8361,"1,2,3,4,5,6,7,8,9,10"
657416000,Longliner,0.8359,"7,8,9,10"
316004862,Longliner,0.8359,"1,2,3,4,5,6,7,8,9,10"
657121400,Longliner,0.8357,"3,4,5,6,7,8,9,10"
209229000,Longliner,0.8356,"1,2,3,4,5,6,7,8,9,10"
257004010,Trawler,0.8353,"1,2,3,4,5,6,7,8,9,10"
997752589,Trawler,0.8348,"1,2,3,4,8,9,10"
345070276,Longliner,0.8348,"1,2,3,4,5,6,7,8,9,10"
235022604,Trawler,0.8347,"1,2,3,4,5,6,7,8,10"
775996608,Longliner,0.8347,"7,8,9,10"
247051790,Trawler,0.8345,"1,2,3,4,5,6,7,9,10"
247076010,Trawler,0.8345,"1,2,3,4,5,6,7,8,10"
271010383,Longliner,0.8345,"1,2,3,4,5,6,7,8,9,10"
412412431,Trawler,0.8344,"1,3,5,9,10"
412326879,Longliner,0.8342,"1,2,3,4,5,6,7,8,9,10"
273894200,Longliner,0.8341,"1,2,3,4,5,6,7,8,9,10"
273894710,Longliner,0.8341,"5,6,7,8"
657620000,Longliner,0.8337,"1,2,3,4,6,7,8,9,10"
745004600,Longliner,0.8337,"3,4,5,6,7,8,9"
627999990,Trawler,0.8336,"7,8,9,10"
657715000,Longliner,0.8336,"1,2,3,4,5,6,7,9,10"
273370750,Longliner,0.8336,"4,5,6,9,10"
412427982,Trawler,0.8335,"1,2,5,9,10"
413305080,Trawler,0.8333,"7,8,9,10"
538004085,Purse seine,0.8329,"1,2,3,4,5,6,7,8,9,10"
503650900,Longliner,0.8324,"1,2,3,4,5,6,7,8,9,10"
701000686,Longliner,0.8317,"5,6,7,8,9,10"
273431520,Trawler,0.8316,"4,6,7,8,9"
701000658,Longliner,0.8313,"3,4,5,6,7,8,9,10"
338122714,Trawler,0.8312,"1,2,3,4,5,6,7,8,9,10"
412418812,Trawler,0.831,"1,2,3,4,8,9,10"
247101370,Trawler,0.831,"1,2,3,4,5,6,7,8,10"
413850351,Longliner,0.8309,"1,2,3,4,5,6,7,8,9"
735058769,Trawler,0.8308,"1,2,3,4,5,6,7,8,9,10"
273846610,Longliner,0.8308,"1,2,3,4,5,6,7,8,10"
635000580,Longliner,0.8305,"1,2,3,4,5,6,7,8,9,10"
345070237,Longliner,0.8303,"1,2,3,4,5,6,7,8,9,10"
523145236,Trawler,0.8299,"3,4,8"
413422073,Trawler,0.8297,"1,2,3,4,5"
273353030,Longliner,0.8297,"1,2,3,4,5,6,7,8,9,10"
211250470,Dredger,0.8296,"3,9,10"
331114000,Longliner,0.8295,"1,4,5,6,7,8,9,10"
273341320,Longliner,0.8295,"1,2,3,4,5,6,7,8,9,10"
235273000,Longliner,0.8295,"1,2,3,4,5,6,7,8,9,10"
227318890,Trawler,0.8293,"1,2,3,4,5,6,7,8,9,10"
273275200,Trawler,0.8292,"4,6,7,9,10"
273347500,Trawler,0.8291,"4,5,7,8,9,10"
413435070,Trawler,0.8288,"1,5,6,7,8,9,10"
247303280,Trawler,0.8287,"1,2,3,4,5,6,7,8,9"
247124560,Trawler,0.8283,"1,2,3,4,5,6,7,10"
775996281,Longliner,0.8283,"1,2,3,4,5,6,7,8,9,10"
412422166,Trawler,0.8283,"1,2,3,4,5,8,9,10"
412437054,Trawler,0.8281,"1,2,3,4,5,9,10"
345070228,Longliner,0.828,"1,2,3,4,5,6,7,8,9,10"
413765908,Trawler,0.8279,"1,2,4,5,6,7,8,9"
770576272,Gillnetter,0.8279,"1,2,3,4,5,6,7,8,9,10"
657520000,Longliner,0.8276,"6,7,8,9,10"
413793113,Trawler,0.8274,"1,3,4,5,6,7,8"
413806549,Trawler,0.8271,"1,3,5,6,7,9"
563030680,Trawler,0.827,"2,3,4,5,6,7,8,9,10"
263408240,Trawler,0.827,"1,2,3,4,5,6,7,8,9,10"
13060,Trawler,0.827,"4,5,6"
775996562,Longliner,0.8267,"1,2,3,4,5,6,7,8,9,10"
412448817,Trawler,0.8265,"1,2,3,4,5,7,8,9,10"
273451570,Longliner,0.8264,"1,2,3,4,5,6,7,8,9,10"
235038764,Trawler,0.8259,"7,8,9,10"
775996333,Longliner,0.8259,"1,2,3,4,5,6,7,8,9,10"
211530000,Trawler,0.8256,"3,4,5,6,7,8,9,10"
413358140,Trawler,0.8254,"1,3,4"
375466000,Longliner,0.8247,"1,2,3,4,5,6,7,8,9,10"
244672000,Trawler,0.8244,"1,2,3,4,5,6,7,8,9,10"
273825520,Longliner,0.8242,"1,2,3,4,5,6,7,8,9,10"
273897100,Longliner,0.8238,"2,3,4,5,6,7,8,9,10"
457068000,Trawler,0.8238,"1,7,8,9,10"
376767000,Longliner,0.8238,"4,5,6,7,8,9,10"
775996336,Longliner,0.8237,"5,6,7,8,9,10"
265635420,Trawler,0.8233,"1,2,7,8,9,10"
775996615,Longliner,0.8233,"7,8,9,10"
441201732,Longliner,0.823,"5,6,7,8,9,10"
247099360,Trawler,0.8229,"1,2,3,4,5,6,7,8,9"
366898520,Trawler,0.8227,"1,2,3,4,5,6,7,8,9,10"
412215287,Trawler,0.8227,"4,5,9,10"
657905000,Longliner,0.8226,"1,2,3,4,5,6,7,8,9,10"
412447546,Trawler,0.8224,"1,5,8,9,10"
345070070,Longliner,0.8222,"1,2,3,4,5,6,7,8,9,10"
228336000,Trawler,0.8219,"1,2,3,4,5,6,7,8,9,10"
247049360,Trawler,0.8219,"1,2,3,4,5,6,7,8,9"
207829660,Trawler,0.8219,"3,4,5,6,7,8,9,10"
247092810,Trawler,0.8215,"1,2,3,4,5,6,7,8,9"
657113800,Longliner,0.8213,"1,2,4,5,6,7,8,9,10"
730077000,Longliner,0.821,"1,2,3,4,5,6,7,8,9,10"
412412153,Trawler,0.8208,"3,5,9"
277512000,Longliner,0.8206,"1,2,3,4,5,6,7"
412412439,Trawler,0.8206,"3,4,5,9"
412426322,Trawler,0.8202,"3,4,7,8,9,10"
657115700,Longliner,0.8196,"5,6,7,8,9,10"
273559500,Longliner,0.8196,"1,2,3,4,5,6,7,8,9"
238752140,Trawler,0.8196,"2,3,4,6,7,8,9,10"
366980690,Longliner,0.8196,"3,4,5,6,7,8,9,10"
273890710,Longliner,0.8195,"1,2,3,4,5,6,7,8,9"
273373840,Trawler,0.8193,"6,7,8"
412498765,Trawler,0.8192,"1,2,3,4,8"
412432109,Trawler,0.8192,"2,8,9,10"
247110810,Trawler,0.8191,"3,4,5,6,7,8,9"
525018224,Trawler,0.8187,"1,8,9,10"
265662130,Trawler,0.8187,"5,7,8"
657539000,Longliner,0.8185,"1,2,3,4,5,6,7,8,9,10"
250000446,Trawler,0.818,"4,6,7,8,9,10"
16589,Longliner,0.8179,"1,3,4,5,9,10"
412439392,Trawler,0.8176,"1,3,4,5"
247141940,Trawler,0.8176,"1,4,5,6,7,8,9"
4749,Trawler,0.8173,"2,3,8,9,10"
412412002,Trawler,0.8172,"3,5,9,10"
373145000,Trawler,0.817,"1,2,3,4,5,7,8,9,10"
263401790,Trawler,0.817,"1,2,3,4,5,7,8,9,10"
657718000,Longliner,0.8169,"1,2,3,4,5,6,7,8,9,10"
565090000,Trawler,0.8169,"2,3,4,5,6"
413775003,Trawler,0.8169,"1,3,4,5,6,7,8,9,10"
412324109,Trawler,0.8168,"5,8,9,10"
205999995,Longliner,0.8167,"3,4,5,6,7,8,9,10"
412377360,Trawler,0.8166,"1,2,3,4,5,6,7"
247080770,Trawler,0.8163,"1,2,3,4,5,6,7,8,9,10"
247091110,Trawler,0.8161,"1,2,3,4,5,6,7,8,9"
224012990,Trawler,0.816,"1,2,3,4,5,6,7,8,9,10"
345070233,Longliner,0.8159,"1,2,3,4,5,6,7,8,9,10"
345070186,Longliner,0.8159,"1,2,3,4,5,6,7,8,9,10"
412361910,Longliner,0.8158,"3,4,6,7,8,9,10"
227318120,Trawler,0.8158,"1,2,3,4,5,6,7,8,9,10"
412423841,Trawler,0.8152,"1,3,5,9,10"
275448000,Longliner,0.815,"1,2,3,4,5,6,7,8,9,10"
366779440,Longliner,0.815,"1,2,3,4,5,6,7,8,9,10"
200006733,Trawler,0.8147,"1,2,3,4,5,8,9"
413001495,Trawler,0.8139,"4,5,8,9,10"
247255060,Trawler,0.8139,"3,4,5,6,7,8,9"
413763957,Trawler,0.8136,"1,2,3,4,5,6,7,8,9,10"
413794336,Trawler,0.8135,"1,2,3,4"
273539310,Longliner,0.8135,"1,2,10"
657107600,Longliner,0.8135,"1,2,3,8,9,10"
701006094,Longliner,0.8134,"3,4,5,6,7,8,9,10"
775996554,Longliner,0.8134,"1,2,3,4,5,6,7,8,9,10"
273438080,Longliner,0.8133,"1,2,3,4,5,6,7,9,10"
6459027,Longliner,0.8129,"1,2,3,4,5,6,7,8,9,10"
247084290,Trawler,0.8128,"1,2,3,4,5,6,7,8,9,10"
503023640,Trawler,0.8122,"4,5,6,7"
657103400,Longliner,0.8119,"1,2,3,4,5,6,7,8,9,10"
367347070,Trawler,0.8118,"3,4,5,6,7"
800060618,Trawler,0.8112,"7,8,9"
413364610,Longliner,0.8105,"1,2,3,4,5,6,7,8,9,10"
366760670,Longliner,0.8104,"1,2,3,4,5,6,7,8,9,10"
441565000,Longliner,0.8103,"1,2,3,4,5,6"
247093030,Trawler,0.8101,"1,2,3,4,5,6,7,8,9"
227270090,Trawler,0.8098,"4,5,7,8,9"
412460007,Longliner,0.8093,"8,9,10"
412205485,Trawler,0.8092,"1,4,5,7,8,9,10"
227275010,Trawler,0.8092,"1,2,3,4,5,6,7,8,9"
273374480,Trawler,0.8091,"6,7,8,9,10"
565119000,Longliner,0.809,"1,2,3,4,5,6,7,8,9,10"
210642000,Longliner,0.8088,"1,2,3,4,5,6,7,8,9,10"
431006631,Trawler,0.8087,"6,7,8,9,10"
224180370,Longliner,0.8086,"6,7,8"
211444390,Trawler,0.8085,"5,6,7,8,9"
775996260,Longliner,0.8084,"1,2,3,7,8,9,10"
413900364,Trawler,0.8084,"1,2,3,4,5,6,7,8,9,10"
261455000,Trawler,0.8081,"1,2,6,7,9"
257908000,Longliner,0.808,"4,5,6,7,8,9,10"
412422182,Trawler,0.8078,"1,2,3,4,5,9,10"
345030059,Longliner,0.8077,"1,2,3,4,5,6,7,8,9,10"
412358640,Trawler,0.8077,"1,2,3,4,5,6,7,8"
412413042,Trawler,0.8074,"1,2,8,9"
412449305,Trawler,0.8074,"1,2,3,4,5,6,7,8,9,10"
412222338,Trawler,0.8073,"1,2,3,4,8,9,10"
352134000,Longliner,0.8073,"1,2,3,4,5,6,7,8,9,10"
576188000,Longliner,0.8071,"1,2,3,4,5,6,7,8,9,10"
412435852,Trawler,0.8071,"1,2,3,4,5,10"
237698000,Trawler,0.807,"1,2,3,4,5,6,7,8,9,10"
244740857,Trawler,0.8068,"4,5,6,8"
367530760,Trawler,0.8068,"1,2,3,10"
413817449,Trawler,0.8068,"1,2,3,4,5,6,7,8,9,10"
367037960,Longliner,0.8065,"4,5,6,7,8,9"
227317410,Trawler,0.8062,"1,2,3,4,5,6,7,8,9,10"
525006278,Longliner,0.8062,"1,2,3,4,5,7,8,9,10"
247100590,Trawler,0.8061,"2,3,4,5,6,7,8,9,10"
775996597,Longliner,0.8059,"7,8,9,10"
412325149,Trawler,0.8056,"5,9,10"
413050030,Trawler,0.8056,"1,2,3,4,5,6,7,8,9,10"
257570500,Trawler,0.8054,"1,2,3,5,6,7,8,9,10"
412349168,Trawler,0.8051,"4,5,8,9,10"
453000028,Trawler,0.805,"1,2,3,4,8,9,10"
775996565,Longliner,0.805,"1,2,3,4,5,6,10"
775996613,Longliner,0.8048,"7,9,10"
657660000,Longliner,0.8048,"1,2,3,4,5,6,7,8,9,10"
999999993,Longliner,0.8047,"1,3,4,5,6,7,8,9,10"
710019480,Trawler,0.8046,"2,3,4,5,6,7,8,9,10"
457192000,Gillnetter,0.804,"3,4,5,6,7,8,9,10"
247080960,Trawler,0.8036,"1,2,3,4,5,6,7,8,9,10"
247081670,Trawler,0.8033,"1,2,3,4,5,6,7,8,9,10"
273415200,Longliner,0.8032,"1,2,3,4,5,6,7,8,9,10"
345010062,Longliner,0.8032,"1,2,3,4,5"
273295700,Longliner,0.803,"3,6,7,8,9,10"
657106400,Longliner,0.8028,"1,2,3,4,5,6,7,8,9"
553111655,Longliner,0.8028,"1,2,3,4,5,6,7,8,9,10"
273829110,Longliner,0.8027,"4,5,6,7,8,9,10"
273898100,Longliner,0.8027,"1,2,3,4,5,6,7,8,9,10"
247087020,Trawler,0.8027,"1,2,3,4,5,6,7,8,9,10"
211627240,Longliner,0.8026,"1,2,3,4,5,6,7,8,9,10"
725000317,Longliner,0.8024,"1,2,3,4,5,6,7,8,9,10"
259798000,Longliner,0.8019,"1,2,3,4,5,6,7,8,9,10"
434562543,Trawler,0.8018,"6,7,8,9,10"
412349322,Trawler,0.8017,"4,5,9,10"
273353550,Trawler,0.8017,"3,4,5,6,7,8,9,10"
420313000,Trawler,0.8014,"1,4,5,6,7"
548061100,Trawler,0.8013,"4,5,6,7,8,9,10"
900403382,Trawler,0.8012,"1,2,3,4"
416004887,Longliner,0.801,"6,7,8,9"
413482370,Trawler,0.8008,"5,6,7,8,9,10"
657472000,Longliner,0.8008,"1,2,3,4,5,6,7,8,9,10"
227319490,Trawler,0.8005,"2,4,5,6,7,8,9,10"
520145000,Longliner,0.8005,"7,8,9,10"
412422592,Trawler,0.8002,"1,3,4,5,6,7,8,9,10"
701000949,Longliner,0.8002,"3,4,5,6,7,8,9,10"